max_total_agent_capacity,algorithm,random_seed,utilitarian_value,egalitarian_value,max_envy,mean_envy,max_deficit,mean_deficit,num_with_top_1,num_with_top_2,num_with_top_3,runtime
1000,utilitarian_matching,0,96.31655683834812,72.51612903225806,84.92822966507175,5.876608890788257,0.0,0.0,192.0,195.0,195.0,0.1875695999478921
1000,utilitarian_matching,1,96.82494867673012,83.49282296650718,84.92822966507175,6.865163298524536,0.0,0.0,198.0,198.0,198.0,0.188270199985709
1000,utilitarian_matching,2,95.57083538038356,72.51612903225806,64.35406698564593,5.382369518364024,0.0,0.0,194.0,194.0,194.0,0.1777631000149995
1000,utilitarian_matching,3,97.0201104391011,72.51612903225806,64.35406698564593,3.628860247084492,0.0,0.0,188.0,191.0,191.0,0.1780936000286601
1000,utilitarian_matching,4,95.5615185621262,72.51612903225806,64.35406698564593,6.251774990253087,0.0,0.0,196.0,197.0,197.0,0.1953576999949291
1000,utilitarian_matching,5,95.98780023627016,64.77419354838709,66.26794258373205,4.861285771793694,0.0,0.0,195.0,195.0,195.0,0.1871770999860018
1000,utilitarian_matching,6,96.55542433545324,72.51612903225806,64.35406698564593,4.734740742691885,0.0,0.0,197.0,197.0,197.0,0.1931018000468611
1000,utilitarian_matching,7,96.35159173661532,64.77419354838709,64.35406698564593,5.500846668649351,0.0,0.0,195.0,195.0,195.0,0.179799199977424
1000,utilitarian_matching,8,96.27180726180148,64.77419354838709,66.26794258373205,5.237916757441034,0.0,0.0,190.0,193.0,193.0,0.189045500010252
1000,utilitarian_matching,9,95.28111475865153,72.51612903225806,66.26794258373205,3.9007416258283256,0.0,0.0,194.0,194.0,194.0,0.1822094000526704
1000,iterated_maximum_matching_unadjusted,0,93.6971321964226,66.60000000000001,64.83253588516746,3.9322727252355967,4.0,0.6256410256410256,195.0,195.0,195.0,0.2088810999994166
1000,iterated_maximum_matching_unadjusted,1,93.76372640497908,50.0,64.83253588516746,4.580196432423383,4.0,0.601010101010101,198.0,198.0,198.0,0.2044859000016003
1000,iterated_maximum_matching_unadjusted,2,92.86367067257996,50.0,64.83253588516746,4.198116427187166,4.0,0.7422680412371134,194.0,194.0,194.0,0.1976743999985046
1000,iterated_maximum_matching_unadjusted,3,94.5733935455966,66.60000000000001,64.83253588516746,1.2746755038951474,4.0,0.4764397905759162,191.0,191.0,191.0,0.2179168000002391
1000,iterated_maximum_matching_unadjusted,4,92.84580285582588,50.0,64.83253588516746,4.890182828688659,4.0,0.5279187817258884,197.0,197.0,197.0,0.2187229000264778
1000,iterated_maximum_matching_unadjusted,5,93.2141132236637,66.60000000000001,64.83253588516746,4.451385465347497,4.0,0.3692307692307692,195.0,195.0,195.0,0.2047793000238016
1000,iterated_maximum_matching_unadjusted,6,94.27600559418654,66.60000000000001,66.26794258373205,4.069569862130419,4.0,0.5076142131979695,197.0,197.0,197.0,0.2036389999557286
1000,iterated_maximum_matching_unadjusted,7,93.91514239736064,50.0,64.83253588516746,3.412495876066522,4.0,0.4256410256410256,195.0,195.0,195.0,0.2144828999880701
1000,iterated_maximum_matching_unadjusted,8,93.87721422478548,66.60000000000001,64.83253588516746,2.67739222404941,4.0,0.4870466321243523,193.0,193.0,193.0,0.2096609000000171
1000,iterated_maximum_matching_unadjusted,9,93.60698940889388,66.60000000000001,64.83253588516746,2.3399161392338064,4.0,0.5773195876288659,194.0,194.0,194.0,0.2037766999565065
1000,iterated_maximum_matching_adjusted,0,93.6971321964226,66.60000000000001,64.83253588516746,3.9322727252355967,4.0,0.6256410256410256,195.0,195.0,195.0,0.2183379000052809
1000,iterated_maximum_matching_adjusted,1,93.76372640497908,50.0,64.83253588516746,4.580196432423383,4.0,0.601010101010101,198.0,198.0,198.0,0.2240143999806605
1000,iterated_maximum_matching_adjusted,2,92.86367067257996,50.0,64.83253588516746,4.198116427187166,4.0,0.7422680412371134,194.0,194.0,194.0,0.2048846000107005
1000,iterated_maximum_matching_adjusted,3,94.5733935455966,66.60000000000001,64.83253588516746,1.2746755038951474,4.0,0.4764397905759162,191.0,191.0,191.0,0.2398315000464208
1000,iterated_maximum_matching_adjusted,4,92.84580285582588,50.0,64.83253588516746,4.890182828688659,4.0,0.5279187817258884,197.0,197.0,197.0,0.2173681000131182
1000,iterated_maximum_matching_adjusted,5,93.2141132236637,66.60000000000001,64.83253588516746,4.451385465347497,4.0,0.3692307692307692,195.0,195.0,195.0,0.2454017999698408
1000,iterated_maximum_matching_adjusted,6,94.27600559418654,66.60000000000001,66.26794258373205,4.069569862130419,4.0,0.5076142131979695,197.0,197.0,197.0,0.2595607000403106
1000,iterated_maximum_matching_adjusted,7,93.91514239736064,50.0,64.83253588516746,3.412495876066522,4.0,0.4256410256410256,195.0,195.0,195.0,0.2203832000377588
1000,iterated_maximum_matching_adjusted,8,93.87721422478548,66.60000000000001,64.83253588516746,2.67739222404941,4.0,0.4870466321243523,193.0,193.0,193.0,0.2236707999836653
1000,iterated_maximum_matching_adjusted,9,93.60698940889388,66.60000000000001,64.83253588516746,2.3399161392338064,4.0,0.5773195876288659,194.0,194.0,194.0,0.212804899958428
1000,serial_dictatorship,0,90.44343928005767,25.55066079295154,71.2,8.040764483827587,0.0,0.0,187.0,194.0,195.0,0.0553005999536253
1000,serial_dictatorship,1,90.79532711715326,13.215859030837004,84.21052631578947,8.011595411332076,0.0,0.0,181.0,194.0,198.0,0.0596844000392593
1000,serial_dictatorship,2,89.42249356493237,14.4,109.0909090909091,8.843685868216534,0.0,0.0,177.0,189.0,192.0,0.0543385000200942
1000,serial_dictatorship,3,92.104023371588,25.55066079295154,64.83253588516746,4.673304731634964,0.0,0.0,184.0,190.0,191.0,0.0559521000250242
1000,serial_dictatorship,4,89.47440959626506,22.0,109.0909090909091,9.219390503807848,0.0,0.0,181.0,194.0,196.0,0.0606207000091671
1000,serial_dictatorship,5,88.83199402211395,22.0,81.33971291866028,8.689639254822593,0.0,0.0,177.0,193.0,195.0,0.0586445000371895
1000,serial_dictatorship,6,91.3909448247415,25.55066079295154,66.26794258373205,7.584073703208393,0.0,0.0,187.0,196.0,197.0,0.0585058000287972
1000,serial_dictatorship,7,89.87477164015253,12.0,84.21052631578947,9.345157860280882,0.0,0.0,185.0,192.0,194.0,0.0581508000032044
1000,serial_dictatorship,8,89.86719699276729,12.0,81.33971291866028,7.729024346816002,0.0,0.0,180.0,191.0,192.0,0.0584272000123746
1000,serial_dictatorship,9,89.88516246332198,10.0,81.33971291866028,7.1318099107698085,0.0,0.0,185.0,193.0,194.0,0.0568293000105768
1000,round_robin,0,93.7482829822455,66.60000000000001,64.83253588516746,4.09633970543901,0.0,0.0,195.0,195.0,195.0,0.0604495999868959
1000,round_robin,1,94.00393769430148,50.0,64.83253588516746,4.689170635862645,0.0,0.0,198.0,198.0,198.0,0.0579750000033527
1000,round_robin,2,93.06999773578858,50.0,64.83253588516746,4.885687709699007,0.0,0.0,194.0,194.0,194.0,0.0545250999857671
1000,round_robin,3,94.89289419071504,66.60000000000001,64.83253588516746,2.998604407257248,0.0,0.0,191.0,191.0,191.0,0.0537400000030174
1000,round_robin,4,92.94136822676326,50.0,64.83253588516746,5.280593737898183,0.0,0.0,197.0,197.0,197.0,0.0577995999483391
1000,round_robin,5,93.21874070033915,66.60000000000001,64.83253588516746,3.701517690015275,0.0,0.0,195.0,195.0,195.0,0.0561823999742046
1000,round_robin,6,93.99557801645936,66.60000000000001,64.83253588516746,3.932074442639411,0.0,0.0,197.0,197.0,197.0,0.0568671000073663
1000,round_robin,7,93.51870906939968,50.0,64.83253588516746,4.963862442831733,0.0,0.0,195.0,195.0,195.0,0.0547025999985635
1000,round_robin,8,93.49658444165506,66.60000000000001,64.83253588516746,3.5311482458082994,0.0,0.0,193.0,193.0,193.0,0.0559174999943934
1000,round_robin,9,92.46058714406308,66.60000000000001,47.84688995215311,2.983311150112419,0.0,0.0,194.0,194.0,194.0,0.0568105000420473
1000,bidirectional_round_robin,0,93.72958374153046,66.60000000000001,64.83253588516746,4.122218433333524,0.0,0.0,195.0,195.0,195.0,0.0642766000237315
1000,bidirectional_round_robin,1,94.02424939478826,50.0,64.83253588516746,4.677949844466784,0.0,0.0,198.0,198.0,198.0,0.0586959999636746
1000,bidirectional_round_robin,2,93.01560204599944,50.0,64.83253588516746,4.940083399488159,0.0,0.0,194.0,194.0,194.0,0.0530488000367768
1000,bidirectional_round_robin,3,94.80069139522132,66.60000000000001,64.83253588516746,3.0300066623016955,0.0,0.0,191.0,191.0,191.0,0.054483399959281
1000,bidirectional_round_robin,4,92.92383926260165,50.0,64.83253588516746,5.29812270205977,0.0,0.0,197.0,197.0,197.0,0.0573005999904125
1000,bidirectional_round_robin,5,93.2180803721354,66.60000000000001,64.83253588516746,3.612847993405133,0.0,0.0,195.0,195.0,195.0,0.0556550999754108
1000,bidirectional_round_robin,6,94.18942657881824,66.60000000000001,66.26794258373205,3.738225880280485,0.0,0.0,197.0,197.0,197.0,0.0571035000029951
1000,bidirectional_round_robin,7,93.45663573451068,50.0,64.83253588516746,5.025935777720759,0.0,0.0,195.0,195.0,195.0,0.0910258999792859
1000,bidirectional_round_robin,8,93.47098671924972,66.60000000000001,64.83253588516746,3.3597592678005688,0.0,0.0,193.0,193.0,193.0,0.0741928000352345
1000,bidirectional_round_robin,9,92.53097805533956,66.60000000000001,47.84688995215311,2.9129202388360027,0.0,0.0,194.0,194.0,194.0,0.0651789000257849
1000,almost_egalitarian_without_donation,0,95.69041388205127,68.58037578288099,64.35406698564593,5.881413312589888,4.0,0.5897435897435898,191.0,195.0,195.0,7.722489100007806
1000,almost_egalitarian_without_donation,1,95.93150619177273,68.58037578288099,81.33971291866028,8.025089699640123,4.0,0.5404040404040404,198.0,198.0,198.0,7.78766050003469
1000,almost_egalitarian_without_donation,2,95.18859350405388,68.58037578288099,81.33971291866028,7.530151263669524,4.0,0.6494845360824743,194.0,194.0,194.0,7.049721400020644
1000,almost_egalitarian_without_donation,3,96.53412334143292,74.89539748953975,81.33971291866028,5.350552163001585,4.0,0.4136125654450261,189.0,191.0,191.0,7.565461600024719
1000,almost_egalitarian_without_donation,4,94.9937674802452,68.58037578288099,81.33971291866028,9.425195349900967,4.0,0.4517766497461929,197.0,197.0,197.0,7.261697800015099
1000,almost_egalitarian_without_donation,5,95.29967204518906,68.58037578288099,64.35406698564593,5.817624273872441,4.0,0.3230769230769231,192.0,195.0,195.0,8.447367399989162
1000,almost_egalitarian_without_donation,6,96.08307337973612,68.58037578288099,81.33971291866028,7.927477062281333,4.0,0.5126903553299492,197.0,197.0,197.0,7.340368799981661
1000,almost_egalitarian_without_donation,7,95.61877731572356,68.58037578288099,81.33971291866028,6.256401173571132,4.0,0.3897435897435897,193.0,195.0,195.0,7.245375300000887
1000,almost_egalitarian_without_donation,8,95.83182006612626,76.84797768479777,81.33971291866028,6.556530634162744,4.0,0.4404145077720207,193.0,193.0,193.0,7.603810700005852
1000,almost_egalitarian_without_donation,9,94.4769837553704,68.58037578288099,81.33971291866028,8.522081084691134,4.0,0.520618556701031,188.0,194.0,194.0,7.817097999970429
1000,almost_egalitarian_with_donation,0,95.49031006667224,68.58037578288099,81.33971291866028,5.889571067952094,4.0,0.5794871794871795,192.0,195.0,195.0,7.250422200013418
1000,almost_egalitarian_with_donation,1,96.1907834040327,81.3953488372093,81.33971291866028,7.45388194602611,4.0,0.5303030303030303,198.0,198.0,198.0,7.348575500014704
1000,almost_egalitarian_with_donation,2,95.02097633855794,76.84797768479777,81.33971291866028,5.927321650478355,4.0,0.6597938144329897,194.0,194.0,194.0,7.585187499993481
1000,almost_egalitarian_with_donation,3,96.58724674097242,76.84797768479777,64.83253588516746,3.125878977030999,4.0,0.418848167539267,191.0,191.0,191.0,7.600372200016864
1000,almost_egalitarian_with_donation,4,94.8332184915495,76.84797768479777,81.33971291866028,7.589827559098614,4.0,0.4365482233502538,197.0,197.0,197.0,7.268263800011482
1000,almost_egalitarian_with_donation,5,95.25637180250752,66.60000000000001,81.33971291866028,6.998870780816013,4.0,0.3230769230769231,193.0,195.0,195.0,7.745366099989042
1000,almost_egalitarian_with_donation,6,96.09130934201612,81.3953488372093,81.33971291866028,6.02475937894136,4.0,0.482233502538071,197.0,197.0,197.0,7.250606700021308
1000,almost_egalitarian_with_donation,7,95.66601780059956,76.84797768479777,81.33971291866028,5.704450420989279,4.0,0.3948717948717948,193.0,195.0,195.0,7.2447714000009
1000,almost_egalitarian_with_donation,8,95.80655251156573,74.30875576036865,81.33971291866028,4.065254324446461,4.0,0.4352331606217616,191.0,193.0,193.0,7.607998699997552
1000,almost_egalitarian_with_donation,9,94.45318905105056,68.58037578288099,81.33971291866028,4.872751462003933,4.0,0.520618556701031,191.0,194.0,194.0,7.701264000032097
1115,utilitarian_matching,0,94.1323502015262,58.96774193548387,66.26794258373205,6.775200676936566,0.0,0.0,218.0,218.0,218.0,0.2339328000089153
1115,utilitarian_matching,1,93.69049417636678,55.74162679425837,124.88038277511964,10.271574081730966,0.0,0.0,213.0,213.0,213.0,0.2293938000220805
1115,utilitarian_matching,2,92.94063544022045,55.74162679425837,124.88038277511964,8.35452478025675,0.0,0.0,205.0,205.0,205.0,0.2527324000257067
1115,utilitarian_matching,3,94.5683457066791,58.96774193548387,83.01435406698566,5.98329058723387,0.0,0.0,215.0,215.0,215.0,0.2089158000308089
1115,utilitarian_matching,4,92.76062028314554,55.74162679425837,94.01913875598086,8.71968655811656,0.0,0.0,214.0,214.0,214.0,0.3147759999847039
1115,utilitarian_matching,5,93.306718377372,55.74162679425837,124.88038277511964,6.560892929497802,0.0,0.0,209.0,212.0,212.0,0.2377083000028506
1115,utilitarian_matching,6,94.507676295667,58.96774193548387,66.26794258373205,6.399060038967049,0.0,0.0,219.0,219.0,219.0,0.3129626999725587
1115,utilitarian_matching,7,93.46798582872704,55.74162679425837,92.10526315789474,7.097951610222003,0.0,0.0,213.0,213.0,213.0,0.2638295000069774
1115,utilitarian_matching,8,93.48876852062428,55.74162679425837,124.88038277511964,6.343785903447657,0.0,0.0,203.0,208.0,208.0,0.2301438999711536
1115,utilitarian_matching,9,92.75195268210769,55.74162679425837,94.01913875598086,6.3119674565700965,0.0,0.0,209.0,212.0,212.0,0.2069393999991007
1115,iterated_maximum_matching_unadjusted,0,91.35433971128138,50.0,66.26794258373205,3.9927808762819095,4.0,0.6788990825688074,218.0,218.0,218.0,0.2303168000071309
1115,iterated_maximum_matching_unadjusted,1,91.00305817299564,50.0,64.83253588516746,5.598415428069789,4.0,0.6590909090909091,220.0,220.0,220.0,0.2430237999651581
1115,iterated_maximum_matching_unadjusted,2,91.27604239753845,50.0,64.83253588516746,3.8723306134468887,4.0,0.8691588785046729,214.0,214.0,214.0,0.238624699995853
1115,iterated_maximum_matching_unadjusted,3,92.40696640331062,50.0,64.83253588516746,3.089976783382717,4.0,0.5069767441860465,215.0,215.0,215.0,0.2627639999845996
1115,iterated_maximum_matching_unadjusted,4,90.71056220563298,50.0,66.26794258373205,6.095184695678653,4.0,0.5720720720720721,222.0,222.0,222.0,0.2459453999763354
1115,iterated_maximum_matching_unadjusted,5,90.82653009905546,50.0,64.83253588516746,6.109135357788079,4.0,0.4423963133640553,217.0,217.0,217.0,0.2885490999906324
1115,iterated_maximum_matching_unadjusted,6,92.38899833662104,50.0,66.26794258373205,3.939681136344145,4.0,0.6073059360730594,219.0,219.0,219.0,0.2568332999944687
1115,iterated_maximum_matching_unadjusted,7,91.24543833195716,50.0,64.83253588516746,5.107311814735573,4.0,0.4449541284403669,218.0,218.0,218.0,0.2553086000261828
1115,iterated_maximum_matching_unadjusted,8,91.40357616833045,50.0,64.83253588516746,5.0120527021894095,4.0,0.5023474178403756,213.0,213.0,213.0,0.2389322000090032
1115,iterated_maximum_matching_unadjusted,9,91.00989680187242,50.0,64.83253588516746,3.9463045102225274,4.0,0.6465116279069767,215.0,215.0,215.0,0.2519331999938003
1115,iterated_maximum_matching_adjusted,0,91.35433971128138,50.0,66.26794258373205,3.9927808762819095,4.0,0.6788990825688074,218.0,218.0,218.0,0.3025673999800347
1115,iterated_maximum_matching_adjusted,1,91.00305817299564,50.0,64.83253588516746,5.598415428069789,4.0,0.6590909090909091,220.0,220.0,220.0,0.2738068999606184
1115,iterated_maximum_matching_adjusted,2,91.27604239753845,50.0,64.83253588516746,3.8723306134468887,4.0,0.8691588785046729,214.0,214.0,214.0,0.2500708000152372
1115,iterated_maximum_matching_adjusted,3,92.40696640331062,50.0,64.83253588516746,3.089976783382717,4.0,0.5069767441860465,215.0,215.0,215.0,0.327526899985969
1115,iterated_maximum_matching_adjusted,4,90.71056220563298,50.0,66.26794258373205,6.095184695678653,4.0,0.5720720720720721,222.0,222.0,222.0,0.3316396999871358
1115,iterated_maximum_matching_adjusted,5,90.82653009905546,50.0,64.83253588516746,6.109135357788079,4.0,0.4423963133640553,217.0,217.0,217.0,0.3813278999878093
1115,iterated_maximum_matching_adjusted,6,92.38899833662104,50.0,66.26794258373205,3.939681136344145,4.0,0.6073059360730594,219.0,219.0,219.0,0.8947112000314519
1115,iterated_maximum_matching_adjusted,7,91.24543833195716,50.0,64.83253588516746,5.107311814735573,4.0,0.4449541284403669,218.0,218.0,218.0,0.2554309999686666
1115,iterated_maximum_matching_adjusted,8,91.40357616833045,50.0,64.83253588516746,5.0120527021894095,4.0,0.5023474178403756,213.0,213.0,213.0,0.2514851000159979
1115,iterated_maximum_matching_adjusted,9,91.00989680187242,50.0,64.83253588516746,3.9463045102225274,4.0,0.6465116279069767,215.0,215.0,215.0,0.2501267000334337
1115,serial_dictatorship,0,85.46958634913835,12.0,85.6,12.787694985137362,0.0,0.0,198.0,212.0,215.0,0.0648322000051848
1115,serial_dictatorship,1,86.15385527716705,0.0,109.0909090909091,12.812745448260912,0.0,0.0,192.0,211.0,217.0,0.0654908000142313
1115,serial_dictatorship,2,84.27865739341523,0.0,109.0909090909091,13.725729569345951,0.0,0.0,185.0,202.0,211.0,0.0634307999862358
1115,serial_dictatorship,3,86.36206214704883,8.92608089260809,91.07391910739192,10.725100369822382,0.0,0.0,196.0,205.0,210.0,0.0654425999964587
1115,serial_dictatorship,4,84.3625686550393,0.0,109.0909090909091,14.695946102653515,0.0,0.0,195.0,212.0,216.0,0.0671331000048667
1115,serial_dictatorship,5,84.80039091066993,10.0,85.6,12.77250535201497,0.0,0.0,185.0,211.0,215.0,0.068385999999009
1115,serial_dictatorship,6,86.36414429310419,0.0,109.0909090909091,12.690181987880411,0.0,0.0,196.0,212.0,216.0,0.068388000014238
1115,serial_dictatorship,7,85.01845752602763,12.0,85.6,14.082769904498331,0.0,0.0,195.0,208.0,213.0,0.0667659999453462
1115,serial_dictatorship,8,85.05782471441185,12.0,109.0909090909091,12.885624686090347,0.0,0.0,187.0,205.0,208.0,0.0678263999870978
1115,serial_dictatorship,9,85.45527639092546,10.0,109.0909090909091,12.08123785701907,0.0,0.0,196.0,208.0,213.0,0.0646487000049091
1115,round_robin,0,91.57265017373612,50.0,64.83253588516746,4.807145262887783,0.0,0.0,218.0,218.0,218.0,0.0680747000151313
1115,round_robin,1,91.56652119901264,33.4,87.79904306220095,7.161899939250581,0.0,0.0,220.0,220.0,220.0,0.0685354999732226
1115,round_robin,2,90.9055608709342,33.4,87.79904306220095,5.794530323850136,0.0,0.0,214.0,214.0,214.0,0.0625503999763168
1115,round_robin,3,92.6662374246698,50.0,64.83253588516746,3.2164689647588327,0.0,0.0,215.0,215.0,215.0,0.0626532000023871
1115,round_robin,4,90.43915606132953,50.0,41.38755980861244,4.8538505311404,0.0,0.0,222.0,222.0,222.0,0.0690555999753996
1115,round_robin,5,91.58804385315906,50.0,64.83253588516746,4.202811397792792,0.0,0.0,217.0,217.0,217.0,0.0674604999949224
1115,round_robin,6,92.26260322859515,50.0,66.26794258373205,4.8111063903970095,0.0,0.0,219.0,219.0,219.0,0.0663579000392928
1115,round_robin,7,91.17783931598792,50.0,64.83253588516746,5.727226269990606,0.0,0.0,218.0,218.0,218.0,0.0648807999677956
1115,round_robin,8,91.29445970550256,50.0,64.83253588516746,5.174677136309977,0.0,0.0,213.0,213.0,213.0,0.0630571999936364
1115,round_robin,9,89.5005335517749,50.0,64.83253588516746,6.576356457455139,0.0,0.0,215.0,215.0,215.0,0.0646424000151455
1115,bidirectional_round_robin,0,91.6244667203795,50.0,66.26794258373205,4.670244371763798,0.0,0.0,218.0,218.0,218.0,0.0663489999715238
1115,bidirectional_round_robin,1,91.67606665355812,33.4,64.83253588516746,5.904029125853452,0.0,0.0,220.0,220.0,220.0,0.0693767999764531
1115,bidirectional_round_robin,2,90.91404780887548,33.4,64.83253588516746,5.88790947635976,0.0,0.0,214.0,214.0,214.0,0.0657622999860905
1115,bidirectional_round_robin,3,92.51493093227246,50.0,70.8133971291866,3.479047294254204,0.0,0.0,215.0,215.0,215.0,0.0649856000090949
1115,bidirectional_round_robin,4,90.53614493396007,50.0,33.49282296650718,3.3843788493272107,0.0,0.0,222.0,222.0,222.0,0.0709503999678418
1115,bidirectional_round_robin,5,91.5714182154883,50.0,64.83253588516746,4.219437035463547,0.0,0.0,217.0,217.0,217.0,0.068469499994535
1115,bidirectional_round_robin,6,92.3600371398234,50.0,66.26794258373205,4.713672479168752,0.0,0.0,219.0,219.0,219.0,0.0678563999827019
1115,bidirectional_round_robin,7,91.16845975675032,50.0,64.83253588516746,4.610357353219539,0.0,0.0,218.0,218.0,218.0,0.0825515000033192
1115,bidirectional_round_robin,8,91.30438033486524,50.0,64.83253588516746,4.953272549438824,0.0,0.0,213.0,213.0,213.0,0.0703330000396817
1115,bidirectional_round_robin,9,89.43171823983883,50.0,39.952153110047846,5.401107378645432,0.0,0.0,215.0,215.0,215.0,0.0709632000070996
1115,almost_egalitarian_without_donation,0,92.64812697247945,60.7,47.84688995215312,6.571928522874467,4.0,0.6055045871559633,213.0,218.0,218.0,8.722774000023492
1115,almost_egalitarian_without_donation,1,92.99708752818856,60.7,81.33971291866028,11.243533577446868,4.0,0.5409090909090909,216.0,220.0,220.0,8.597309800039511
1115,almost_egalitarian_without_donation,2,92.44063721281394,60.7,64.35406698564593,7.877929298223496,4.0,0.7663551401869159,210.0,214.0,214.0,8.839189699967392
1115,almost_egalitarian_without_donation,3,93.39380042089088,68.58037578288099,81.33971291866028,8.408507828983316,4.0,0.4511627906976744,214.0,215.0,215.0,9.150743099977262
1115,almost_egalitarian_without_donation,4,91.91406318754186,66.0,64.35406698564593,9.167445286331002,4.0,0.4729729729729729,219.0,222.0,222.0,8.103784600039944
1115,almost_egalitarian_without_donation,5,92.74348234720944,68.58037578288099,64.35406698564593,6.997426128482407,4.0,0.3502304147465437,215.0,217.0,217.0,8.57675789995119
1115,almost_egalitarian_without_donation,6,93.50508054883431,68.58037578288099,81.33971291866028,9.681435497901218,4.0,0.5570776255707762,219.0,219.0,219.0,7.954622100049164
1115,almost_egalitarian_without_donation,7,92.4011080231832,68.58037578288099,64.35406698564593,9.42441714287868,4.0,0.4036697247706422,218.0,218.0,218.0,8.550284299999475
1115,almost_egalitarian_without_donation,8,92.60948368772964,60.7,64.35406698564593,8.744378320076702,4.0,0.4366197183098591,210.0,213.0,213.0,8.614280799985863
1115,almost_egalitarian_without_donation,9,91.66449565282264,66.0,64.35406698564593,7.773366762573804,4.0,0.5209302325581395,208.0,215.0,215.0,8.775556700013112
1115,almost_egalitarian_with_donation,0,92.88625929294652,60.7,81.33971291866028,8.317901208941182,4.0,0.6009174311926605,212.0,218.0,218.0,8.551912099996116
1115,almost_egalitarian_with_donation,1,93.37242049956592,60.7,81.33971291866028,7.575642067869979,4.0,0.5409090909090909,218.0,220.0,220.0,8.697189699974842
1115,almost_egalitarian_with_donation,2,92.70209841713628,66.0,81.33971291866028,8.718128721962948,4.0,0.7850467289719626,211.0,214.0,214.0,7.927449300012086
1115,almost_egalitarian_with_donation,3,94.04932506731248,76.84797768479777,81.33971291866028,5.637303205677647,4.0,0.4372093023255814,215.0,215.0,215.0,8.420432500017341
1115,almost_egalitarian_with_donation,4,92.01780197825887,66.0,81.33971291866028,10.245939950486957,4.0,0.4594594594594595,219.0,222.0,222.0,8.725176600040868
1115,almost_egalitarian_with_donation,5,92.8009574165351,68.58037578288099,81.33971291866028,5.128785897446354,4.0,0.3410138248847926,213.0,217.0,217.0,7.9549261999782175
1115,almost_egalitarian_with_donation,6,93.89811848205892,73.8,81.33971291866028,5.953795442661541,4.0,0.547945205479452,219.0,219.0,219.0,8.723595700052101
1115,almost_egalitarian_with_donation,7,92.95949126891824,68.58037578288099,81.33971291866028,7.158212042671255,4.0,0.4036697247706422,218.0,218.0,218.0,8.92552779999096
1115,almost_egalitarian_with_donation,8,92.98279238057891,60.7,81.33971291866028,5.959379461687544,4.0,0.4037558685446009,212.0,213.0,213.0,8.031521299970336
1115,almost_egalitarian_with_donation,9,92.111662873222,66.0,64.35406698564593,7.701437734982588,4.0,0.5302325581395348,209.0,215.0,215.0,8.131810699997004
1500,utilitarian_matching,0,84.32337330827595,50.0,65.78947368421052,7.558303752906118,4.0,0.3344709897610921,262.0,284.0,284.0,0.3507352999877184
1500,utilitarian_matching,1,83.90482358139995,33.2,75.59808612440193,8.585029710531158,4.0,0.3265993265993266,260.0,276.0,277.0,0.3562276000156998
1500,utilitarian_matching,2,84.49611114552462,16.6,94.01913875598086,8.995503079806857,5.0,0.3321917808219178,271.0,277.0,281.0,0.8258811000268906
1500,utilitarian_matching,3,84.69959562109128,33.2,98.5645933014354,6.760381009704548,4.0,0.3414634146341463,270.0,284.0,285.0,0.3370638000196777
1500,utilitarian_matching,4,84.22387117562492,50.0,94.01913875598086,9.267772284904767,4.0,0.3186440677966101,277.0,277.0,277.0,0.3653348999796435
1500,utilitarian_matching,5,83.3823852058965,33.2,94.01913875598086,8.242718809072972,4.0,0.3242320819112628,260.0,281.0,282.0,0.371339600009378
1500,utilitarian_matching,6,85.30074380297016,55.74162679425837,94.01913875598086,7.900035751476598,4.0,0.3344709897610921,274.0,281.0,281.0,0.3532531000091694
1500,utilitarian_matching,7,83.35284218032061,48.38709677419355,75.59808612440193,8.785777925546906,4.0,0.3288135593220339,274.0,284.0,284.0,0.345370199996978
1500,utilitarian_matching,8,84.16548571699688,48.38709677419355,94.01913875598086,6.846896733999291,4.0,0.3402777777777778,259.0,280.0,280.0,0.3504322000080719
1500,utilitarian_matching,9,83.31825903961928,45.85253456221199,61.96172248803827,7.142006985913995,4.0,0.3297872340425531,264.0,273.0,273.0,0.3481168000143952
1500,iterated_maximum_matching_unadjusted,0,83.25106054786552,50.0,40.0,3.5307021883715617,5.0,0.7952218430034129,293.0,293.0,293.0,0.3467024000128731
1500,iterated_maximum_matching_unadjusted,1,83.23183572769528,50.0,29.395973154362423,2.1263747375805835,4.0,0.7946127946127947,295.0,297.0,297.0,0.3625137000344693
1500,iterated_maximum_matching_unadjusted,2,83.21254751394103,33.4,29.395973154362423,3.2538751523156506,4.0,0.8972602739726028,292.0,292.0,292.0,0.3571891000028699
1500,iterated_maximum_matching_unadjusted,3,83.33695428950746,50.0,40.0,3.2073877718883788,5.0,0.6480836236933798,287.0,287.0,287.0,0.4331487999879755
1500,iterated_maximum_matching_unadjusted,4,82.99485712207904,33.4,18.421052631578945,3.769061765374936,4.0,0.7254237288135593,295.0,295.0,295.0,0.360619899991434
1500,iterated_maximum_matching_unadjusted,5,82.63347359634538,50.0,29.395973154362423,3.321879390628916,4.0,0.6757679180887372,293.0,293.0,293.0,0.3551806000177748
1500,iterated_maximum_matching_unadjusted,6,84.25620624096109,50.0,31.419624217119008,2.224023965657788,4.0,0.757679180887372,293.0,293.0,293.0,0.3341861999942921
1500,iterated_maximum_matching_unadjusted,7,81.39385917913621,50.0,28.28810020876827,3.5975429328888007,4.0,0.7220338983050848,295.0,295.0,295.0,0.3839542000205256
1500,iterated_maximum_matching_unadjusted,8,80.8993940019007,50.0,49.8,5.467354645171831,5.0,0.7951388888888888,288.0,288.0,288.0,0.362029000010807
1500,iterated_maximum_matching_unadjusted,9,82.42211333114224,50.0,40.0,3.09496772472446,5.0,0.925531914893617,282.0,282.0,282.0,0.3491011000005528
1500,iterated_maximum_matching_adjusted,0,83.25106054786552,50.0,40.0,3.5307021883715617,5.0,0.7952218430034129,293.0,293.0,293.0,0.3521220999537036
1500,iterated_maximum_matching_adjusted,1,83.23183572769528,50.0,29.395973154362423,2.1263747375805835,4.0,0.7946127946127947,295.0,297.0,297.0,0.3669244999764487
1500,iterated_maximum_matching_adjusted,2,83.21254751394103,33.4,29.395973154362423,3.2538751523156506,4.0,0.8972602739726028,292.0,292.0,292.0,0.9302504999795927
1500,iterated_maximum_matching_adjusted,3,83.33695428950746,50.0,40.0,3.2073877718883788,5.0,0.6480836236933798,287.0,287.0,287.0,0.3607855000300333
1500,iterated_maximum_matching_adjusted,4,82.99485712207904,33.4,18.421052631578945,3.769061765374936,4.0,0.7254237288135593,295.0,295.0,295.0,0.3631621999666095
1500,iterated_maximum_matching_adjusted,5,82.63347359634538,50.0,29.395973154362423,3.321879390628916,4.0,0.6757679180887372,293.0,293.0,293.0,0.3721766999806277
1500,iterated_maximum_matching_adjusted,6,84.25620624096109,50.0,31.419624217119008,2.224023965657788,4.0,0.757679180887372,293.0,293.0,293.0,0.349884099967312
1500,iterated_maximum_matching_adjusted,7,81.39385917913621,50.0,28.28810020876827,3.5975429328888007,4.0,0.7220338983050848,295.0,295.0,295.0,0.3793968000099994
1500,iterated_maximum_matching_adjusted,8,80.8993940019007,50.0,49.8,5.467354645171831,5.0,0.7951388888888888,288.0,288.0,288.0,0.3615187000250444
1500,iterated_maximum_matching_adjusted,9,82.42211333114224,50.0,40.0,3.09496772472446,5.0,0.925531914893617,282.0,282.0,282.0,0.3428301000385545
1500,serial_dictatorship,0,66.16453031442005,0.0,109.0909090909091,32.00481595332892,5.0,0.3378839590443686,199.0,222.0,240.0,0.1142741999938152
1500,serial_dictatorship,1,67.08101213824423,0.0,164.83253588516746,31.39999948926275,6.0,0.3265993265993266,198.0,224.0,240.0,0.1128036000300198
1500,serial_dictatorship,2,65.47780222879793,0.0,164.83253588516746,32.32073927206591,6.0,0.3321917808219178,193.0,220.0,239.0,0.1202468000119552
1500,serial_dictatorship,3,67.60694457213395,0.0,164.83253588516746,29.817152908138645,5.0,0.3867595818815331,199.0,218.0,235.0,0.1506459000520408
1500,serial_dictatorship,4,66.10687048480834,0.0,164.83253588516746,32.20909302973852,5.0,0.3186440677966101,197.0,223.0,237.0,0.1095922999666072
1500,serial_dictatorship,5,66.18846209425519,0.0,164.83253588516746,31.787657154939964,6.0,0.3242320819112628,188.0,225.0,239.0,0.1237593999831006
1500,serial_dictatorship,6,67.35705193912368,0.0,164.83253588516746,31.654197693583995,6.0,0.3344709897610921,198.0,220.0,242.0,0.1146398999844677
1500,serial_dictatorship,7,65.43414447533974,0.0,164.83253588516746,33.28891848492402,6.0,0.3288135593220339,197.0,219.0,232.0,0.1148191000102087
1500,serial_dictatorship,8,66.33370160521038,0.0,164.83253588516746,31.533568236796025,6.0,0.3402777777777778,195.0,224.0,239.0,0.1113881000201217
1500,serial_dictatorship,9,68.3133150290211,0.0,109.0909090909091,28.173186698502704,5.0,0.3475177304964539,199.0,224.0,237.0,0.1108208000077866
1500,round_robin,0,78.69872225597648,33.4,49.8,10.004761042724954,1.0,0.3344709897610921,293.0,293.0,293.0,0.130145100003574
1500,round_robin,1,79.52401159838871,33.4,56.45933014354067,9.469873935473988,1.0,0.3265993265993266,295.0,297.0,297.0,0.1367925999802537
1500,round_robin,2,79.77035887810706,33.4,56.45933014354067,11.46003220898049,1.0,0.3321917808219178,292.0,292.0,292.0,0.1089965999708511
1500,round_robin,3,80.37877078324047,33.4,49.8,8.772852287608334,1.0,0.3414634146341463,287.0,287.0,287.0,0.1106106999795883
1500,round_robin,4,79.30640502457155,33.4,56.45933014354067,8.974722235287464,1.0,0.3186440677966101,294.0,295.0,295.0,0.1165803999756462
1500,round_robin,5,79.38774358040368,33.4,66.26794258373205,9.456187574610755,1.0,0.3242320819112628,293.0,293.0,293.0,0.1184103999985382
1500,round_robin,6,80.44086993776138,33.4,56.45933014354067,10.719661360243176,1.0,0.3344709897610921,293.0,293.0,293.0,0.1201376999961212
1500,round_robin,7,78.77911914016512,33.4,66.26794258373205,9.632830409055304,1.0,0.3288135593220339,295.0,295.0,295.0,0.1193715999834239
1500,round_robin,8,78.66003878705703,33.4,49.8,11.052287497841544,1.0,0.3402777777777778,288.0,288.0,288.0,0.1263322999584488
1500,round_robin,9,78.74081888587972,33.4,66.26794258373205,8.613899366911342,1.0,0.3297872340425531,280.0,282.0,282.0,0.1397593999863602
1500,bidirectional_round_robin,0,78.90315611293418,33.4,66.26794258373205,9.848308023496,1.0,0.3344709897610921,293.0,293.0,293.0,0.1467636000015773
1500,bidirectional_round_robin,1,79.15207198403014,33.4,66.26794258373205,10.141297914759065,1.0,0.3265993265993266,295.0,297.0,297.0,0.1145034999935887
1500,bidirectional_round_robin,2,78.92690231345365,33.4,66.26794258373205,10.245282464960464,1.0,0.3321917808219178,292.0,292.0,292.0,0.1095251999795436
1500,bidirectional_round_robin,3,80.07153920371077,33.4,49.8,8.351350614473793,1.0,0.3414634146341463,287.0,287.0,287.0,0.1113919999916106
1500,bidirectional_round_robin,4,79.18992585568837,33.4,66.26794258373205,9.294701107253118,1.0,0.3186440677966101,294.0,295.0,295.0,0.111422499991022
1500,bidirectional_round_robin,5,79.53369449767322,33.4,66.26794258373205,8.817677028651127,1.0,0.3242320819112628,293.0,293.0,293.0,0.1168483999790623
1500,bidirectional_round_robin,6,80.26653469342348,33.4,56.45933014354067,9.979833982056258,1.0,0.3344709897610921,293.0,293.0,293.0,0.1137614999897778
1500,bidirectional_round_robin,7,78.57937404746343,33.4,56.45933014354067,10.024634332070812,1.0,0.3288135593220339,295.0,295.0,295.0,0.1153133999905549
1500,bidirectional_round_robin,8,78.52528978770009,33.4,49.8,8.91026669189577,1.0,0.3402777777777778,288.0,288.0,288.0,0.1147683000308461
1500,bidirectional_round_robin,9,78.45192403246402,33.4,56.45933014354067,7.172506157899865,1.0,0.3297872340425531,280.0,282.0,282.0,0.1123403999954462
1500,almost_egalitarian_without_donation,0,82.49491745768962,48.3,64.35406698564593,12.74161219421527,5.0,0.8191126279863481,268.0,288.0,288.0,12.05699850001838
1500,almost_egalitarian_without_donation,1,82.18455611064806,34.92723492723493,92.10526315789474,12.89473740606868,5.0,0.7811447811447811,281.0,292.0,293.0,11.571650499943644
1500,almost_egalitarian_without_donation,2,81.63682261698827,34.92723492723493,92.10526315789474,12.986525579307845,5.0,0.8356164383561644,282.0,288.0,289.0,11.315776199975517
1500,almost_egalitarian_without_donation,3,82.64635907286362,48.3,64.35406698564593,12.30614862162597,5.0,0.662020905923345,267.0,284.0,284.0,11.039443999994546
1500,almost_egalitarian_without_donation,4,81.80607267967183,34.92723492723493,92.10526315789474,14.087144562186392,5.0,0.7322033898305085,284.0,290.0,292.0,11.440519900002982
1500,almost_egalitarian_without_donation,5,81.70174339078973,48.3,92.10526315789474,13.323512499612052,5.0,0.6689419795221843,277.0,289.0,289.0,11.39202650001971
1500,almost_egalitarian_without_donation,6,83.57977633204966,48.3,64.35406698564593,11.107985150025128,5.0,0.7986348122866894,286.0,290.0,290.0,11.31893880001735
1500,almost_egalitarian_without_donation,7,81.70154930102251,48.3,61.24401913875598,11.103402409864849,5.0,0.6610169491525424,282.0,291.0,291.0,11.30831809999654
1500,almost_egalitarian_without_donation,8,82.64387027922788,48.3,65.78947368421052,10.265351405835894,5.0,0.7152777777777778,275.0,287.0,287.0,11.157670099986715
1500,almost_egalitarian_without_donation,9,81.18124403995724,48.3,92.10526315789474,10.106768499750512,5.0,0.8687943262411347,270.0,279.0,280.0,11.288697200012392
1500,almost_egalitarian_with_donation,0,82.69849570001479,48.3,81.33971291866028,13.26304744312562,5.0,0.8156996587030717,267.0,288.0,288.0,11.839417800016236
1500,almost_egalitarian_with_donation,1,82.36393040783129,48.3,92.10526315789474,11.36050619103703,5.0,0.7710437710437711,281.0,292.0,292.0,11.464873699995223
1500,almost_egalitarian_with_donation,2,82.45922022749059,50.0,64.35406698564593,11.856715242336175,5.0,0.8595890410958904,282.0,289.0,289.0,11.178441099997144
1500,almost_egalitarian_with_donation,3,82.72415285031657,48.3,64.35406698564593,9.950832471827,5.0,0.6306620209059234,269.0,286.0,286.0,11.098764199996369
1500,almost_egalitarian_with_donation,4,82.5246082355245,48.3,92.10526315789474,12.47131279836511,5.0,0.7457627118644068,286.0,291.0,291.0,11.40685339999618
1500,almost_egalitarian_with_donation,5,81.95596583715889,55.74162679425837,92.10526315789474,11.663980108009165,5.0,0.6552901023890785,280.0,289.0,289.0,11.568682599987367
1500,almost_egalitarian_with_donation,6,83.82523944349572,48.3,81.33971291866028,11.70386469089711,5.0,0.8088737201365188,288.0,291.0,291.0,11.36675909999758
1500,almost_egalitarian_with_donation,7,81.79426346028613,48.3,109.0909090909091,13.133068847076377,5.0,0.6711864406779661,282.0,291.0,291.0,11.316631699970458
1500,almost_egalitarian_with_donation,8,82.91973468055836,48.3,65.78947368421052,9.754981141858869,5.0,0.71875,276.0,288.0,288.0,12.246290300041435
1500,almost_egalitarian_with_donation,9,81.80547140886128,48.3,92.10526315789474,9.48254113084644,5.0,0.875886524822695,270.0,279.0,280.0,12.426917299977504
2000,utilitarian_matching,0,72.59693949791469,33.2,77.03349282296651,9.824055003673566,5.0,1.5362694300518134,266.0,344.0,354.0,0.5308396000182256
2000,utilitarian_matching,1,73.66343312957176,16.6,75.59808612440193,10.5971744084389,5.0,1.505050505050505,277.0,342.0,351.0,0.5658660000190139
2000,utilitarian_matching,2,74.22485096435433,16.6,61.24401913875598,9.400068384630892,5.0,1.549222797927461,283.0,335.0,359.0,0.5609028000035323
2000,utilitarian_matching,3,73.50630982723125,27.225806451612904,77.03349282296651,9.3501424975194,5.0,1.549222797927461,270.0,344.0,353.0,0.5192319999914616
2000,utilitarian_matching,4,73.70322943037691,16.6,61.24401913875598,10.17847295241695,5.0,1.5101522842639594,297.0,338.0,355.0,0.5145324000041
2000,utilitarian_matching,5,73.07882013947787,16.6,61.24401913875598,10.226211725561535,5.0,1.532133676092545,285.0,342.0,360.0,0.5028485999791883
2000,utilitarian_matching,6,74.24006449441067,16.6,77.03349282296651,9.796078526536114,5.0,1.5402597402597402,294.0,347.0,358.0,0.4907884999993257
2000,utilitarian_matching,7,73.10952562030948,16.6,61.24401913875598,8.990298933742023,5.0,1.5309278350515465,278.0,331.0,342.0,0.5153120000031777
2000,utilitarian_matching,8,73.32462877376373,27.225806451612904,61.24401913875598,10.490956783634427,4.0,1.5520833333333333,277.0,339.0,349.0,0.4924409000086598
2000,utilitarian_matching,9,73.27247262277344,16.6,61.24401913875598,10.017887322694207,5.0,1.5605263157894738,293.0,338.0,356.0,0.5280526000424288
2000,iterated_maximum_matching_unadjusted,0,70.07625723825521,33.4,40.0,6.270832506073312,5.0,1.6088082901554404,371.0,386.0,386.0,0.5765462999697775
2000,iterated_maximum_matching_unadjusted,1,69.93059026373176,32.5,49.8,5.757964572512653,5.0,1.573232323232323,379.0,396.0,396.0,0.5541277999873273
2000,iterated_maximum_matching_unadjusted,2,71.39659401994561,33.4,49.8,10.464442919213614,5.0,1.621761658031088,386.0,386.0,386.0,0.5772766000009142
2000,iterated_maximum_matching_unadjusted,3,71.28350533256481,33.4,40.0,8.037396768650089,5.0,1.6269430051813472,368.0,386.0,386.0,0.5770576000213623
2000,iterated_maximum_matching_unadjusted,4,70.8147705088652,33.4,49.8,8.450612050725338,5.0,1.565989847715736,394.0,394.0,394.0,0.5900385999702848
2000,iterated_maximum_matching_unadjusted,5,70.05227928437927,33.4,40.0,4.985396322613063,5.0,1.6066838046272494,380.0,389.0,389.0,0.5983115999842994
2000,iterated_maximum_matching_unadjusted,6,71.43631711375586,33.4,49.8,10.808069078444529,5.0,1.6077922077922078,385.0,385.0,385.0,0.5585810999618843
2000,iterated_maximum_matching_unadjusted,7,69.9401769257113,40.28776978417266,49.8,8.11780184758939,5.0,1.5824742268041236,388.0,388.0,388.0,0.5277127000153996
2000,iterated_maximum_matching_unadjusted,8,70.21445730213951,33.4,40.0,7.235013048964408,5.0,1.6223958333333333,367.0,384.0,384.0,0.5276387000340037
2000,iterated_maximum_matching_unadjusted,9,69.81367227648468,33.4,49.8,9.03082140641035,5.0,1.6394736842105264,380.0,380.0,380.0,0.4826454999856651
2000,iterated_maximum_matching_adjusted,0,70.07625723825521,33.4,40.0,6.270832506073312,5.0,1.6088082901554404,371.0,386.0,386.0,0.5305838999920525
2000,iterated_maximum_matching_adjusted,1,69.93059026373176,32.5,49.8,5.757964572512653,5.0,1.573232323232323,379.0,396.0,396.0,0.5473519999650307
2000,iterated_maximum_matching_adjusted,2,71.39659401994561,33.4,49.8,10.464442919213614,5.0,1.621761658031088,386.0,386.0,386.0,0.5215074000298046
2000,iterated_maximum_matching_adjusted,3,71.28350533256481,33.4,40.0,8.037396768650089,5.0,1.6269430051813472,368.0,386.0,386.0,0.5384370000101626
2000,iterated_maximum_matching_adjusted,4,70.8147705088652,33.4,49.8,8.450612050725338,5.0,1.565989847715736,394.0,394.0,394.0,1.3265292000141926
2000,iterated_maximum_matching_adjusted,5,70.05227928437927,33.4,40.0,4.985396322613063,5.0,1.6066838046272494,380.0,389.0,389.0,0.5085655999719165
2000,iterated_maximum_matching_adjusted,6,71.43631711375586,33.4,49.8,10.808069078444529,5.0,1.6077922077922078,385.0,385.0,385.0,0.5027088000206277
2000,iterated_maximum_matching_adjusted,7,69.9401769257113,40.28776978417266,49.8,8.11780184758939,5.0,1.5824742268041236,388.0,388.0,388.0,0.5204933999921195
2000,iterated_maximum_matching_adjusted,8,70.21445730213951,33.4,40.0,7.235013048964408,5.0,1.6223958333333333,367.0,384.0,384.0,0.5410220000194386
2000,iterated_maximum_matching_adjusted,9,69.81367227648468,33.4,49.8,9.03082140641035,5.0,1.6394736842105264,380.0,380.0,380.0,0.4857526000123471
2000,serial_dictatorship,0,50.22333518685252,0.0,164.83253588516746,48.55963424096955,6.0,1.5362694300518134,199.0,222.0,240.0,0.1671437000040896
2000,serial_dictatorship,1,50.310759103683175,0.0,164.83253588516746,48.52491761875817,6.0,1.505050505050505,198.0,224.0,240.0,0.1743573999847285
2000,serial_dictatorship,2,49.5324307015777,0.0,164.83253588516746,48.65189343761119,6.0,1.549222797927461,193.0,220.0,239.0,0.1633172000292688
2000,serial_dictatorship,3,50.28193496119001,0.0,164.83253588516746,48.05330645126725,6.0,1.549222797927461,199.0,218.0,236.0,0.1643613000051118
2000,serial_dictatorship,4,49.49626089598594,0.0,164.83253588516746,48.77070129300957,6.0,1.5101522842639594,197.0,223.0,237.0,0.1706041999859735
2000,serial_dictatorship,5,49.854034430891446,0.0,164.83253588516746,47.656600001056994,6.0,1.532133676092545,188.0,225.0,239.0,0.1737001999863423
2000,serial_dictatorship,6,51.261340826398026,0.0,164.83253588516746,47.5698453200711,6.0,1.5402597402597402,198.0,220.0,242.0,0.1685967000084929
2000,serial_dictatorship,7,49.75018716552893,0.0,164.83253588516746,49.02286565344232,6.0,1.5309278350515465,197.0,219.0,232.0,0.166827299981378
2000,serial_dictatorship,8,49.75027620390779,0.0,164.83253588516746,48.09162120470469,6.0,1.5520833333333333,195.0,224.0,239.0,0.1599924999754876
2000,serial_dictatorship,9,50.69567062679987,0.0,164.83253588516746,46.60018461723102,6.0,1.5605263157894738,199.0,224.0,237.0,0.1543532000505365
2000,round_robin,0,66.23070288939667,33.02564102564103,51.38461538461538,13.705108754878609,3.0,1.5362694300518134,371.0,386.0,386.0,0.1716687000007368
2000,round_robin,1,66.89117094314958,28.8,59.707724425887264,12.61577987729347,3.0,1.505050505050505,379.0,396.0,396.0,0.1762090999982319
2000,round_robin,2,67.23165403352486,33.4,49.8,13.466195372255244,3.0,1.549222797927461,383.0,386.0,386.0,0.168292400019709
2000,round_robin,3,66.8828005590746,30.0,59.707724425887264,12.882261210844051,3.0,1.549222797927461,368.0,386.0,386.0,0.1726846999954432
2000,round_robin,4,66.70543609621475,33.4,59.707724425887264,11.857401162429488,3.0,1.5101522842639594,390.0,394.0,394.0,0.1831206000060774
2000,round_robin,5,66.19655412376792,28.8,59.707724425887264,10.143410009912849,3.0,1.532133676092545,377.0,389.0,389.0,0.172338199976366
2000,round_robin,6,67.80259970701609,28.8,59.707724425887264,10.881981210515868,3.0,1.5402597402597402,385.0,385.0,385.0,0.1689266999601386
2000,round_robin,7,65.58780593382536,28.8,59.707724425887264,11.10222541840195,3.0,1.5309278350515465,388.0,388.0,388.0,0.174563400039915
2000,round_robin,8,65.31551530469895,20.0,59.707724425887264,13.817271169503456,3.0,1.5520833333333333,365.0,383.0,384.0,0.1737447999767027
2000,round_robin,9,66.1972594851237,33.4,59.707724425887264,11.735471846337203,3.0,1.5605263157894738,374.0,380.0,380.0,0.1663607000373304
2000,bidirectional_round_robin,0,65.64797266768734,28.8,49.8,13.477612633528407,3.0,1.5362694300518134,371.0,386.0,386.0,0.1705065999994985
2000,bidirectional_round_robin,1,66.27196999079518,28.8,59.707724425887264,12.592440671407266,3.0,1.505050505050505,379.0,396.0,396.0,0.1816628000233322
2000,bidirectional_round_robin,2,66.6083971461655,33.4,49.8,12.079509444034835,3.0,1.549222797927461,383.0,386.0,386.0,0.1712736999616027
2000,bidirectional_round_robin,3,66.87368067146271,28.8,59.707724425887264,12.486527661320537,3.0,1.549222797927461,368.0,386.0,386.0,0.1779130999930203
2000,bidirectional_round_robin,4,66.81210622861089,33.4,59.707724425887264,10.906724152679669,3.0,1.5101522842639594,390.0,394.0,394.0,0.180283399997279
2000,bidirectional_round_robin,5,66.46964602009744,28.8,59.707724425887264,10.532462570006006,3.0,1.532133676092545,377.0,389.0,389.0,0.1753222999977879
2000,bidirectional_round_robin,6,67.5982745238941,33.4,59.707724425887264,11.894247397357873,3.0,1.5402597402597402,385.0,385.0,385.0,0.1625999999814666
2000,bidirectional_round_robin,7,65.84343369568155,28.8,59.707724425887264,10.353103187840905,3.0,1.5309278350515465,388.0,388.0,388.0,0.175944700022228
2000,bidirectional_round_robin,8,65.4812918926922,30.0,59.707724425887264,11.52884956269356,3.0,1.5520833333333333,365.0,383.0,384.0,0.1709984000190161
2000,bidirectional_round_robin,9,65.84020470554299,33.4,59.707724425887264,11.923305004739086,3.0,1.5605263157894738,374.0,380.0,380.0,0.1643297999980859
2000,almost_egalitarian_without_donation,0,70.21667581382125,39.20704845814978,92.10526315789474,16.213769494997475,5.0,1.5362694300518134,304.0,372.0,372.0,15.936224800010676
2000,almost_egalitarian_without_donation,1,69.98648252122688,22.66112266112266,92.10526315789474,16.700920797580785,5.0,1.505050505050505,340.0,379.0,383.0,16.50022909999825
2000,almost_egalitarian_without_donation,2,70.25094740588973,35.24229074889868,92.10526315789474,14.669523534611969,5.0,1.5569948186528495,325.0,368.0,368.0,15.927080299996303
2000,almost_egalitarian_without_donation,3,70.82375406944743,39.20704845814978,92.10526315789474,15.894957600659518,5.0,1.5595854922279793,317.0,372.0,372.0,15.44349480001256
2000,almost_egalitarian_without_donation,4,70.12717672842848,21.62162162162162,92.10526315789474,15.216965212924466,5.0,1.5101522842639594,337.0,372.0,373.0,16.114532500039786
2000,almost_egalitarian_without_donation,5,68.87176545064862,21.62162162162162,92.10526315789474,16.11202844717756,5.0,1.532133676092545,317.0,366.0,371.0,15.902996199962216
2000,almost_egalitarian_without_donation,6,71.79201683606661,40.292275574112736,92.10526315789474,16.87778419911986,5.0,1.5584415584415583,332.0,369.0,369.0,15.779912900005002
2000,almost_egalitarian_without_donation,7,69.69460153979936,21.62162162162162,92.10526315789474,16.85424835885361,5.0,1.5309278350515465,336.0,367.0,369.0,15.29541900003096
2000,almost_egalitarian_without_donation,8,70.12595932687957,39.20704845814978,92.10526315789474,16.597586390829704,5.0,1.5520833333333333,330.0,371.0,371.0,16.45920569996815
2000,almost_egalitarian_without_donation,9,69.48853052247809,22.66112266112266,92.10526315789474,14.436009548924844,5.0,1.5736842105263158,328.0,363.0,366.0,15.118622199981472
2000,almost_egalitarian_with_donation,0,70.61219976234096,39.20704845814978,92.10526315789474,14.26346825478693,5.0,1.5362694300518134,307.0,373.0,373.0,16.20432299998356
2000,almost_egalitarian_with_donation,1,70.34849539680597,22.66112266112266,92.10526315789474,16.07225289244339,5.0,1.505050505050505,349.0,383.0,385.0,15.289231100003237
2000,almost_egalitarian_with_donation,2,70.3432376885413,35.24229074889868,92.10526315789474,14.216210353748792,5.0,1.5569948186528495,326.0,367.0,367.0,16.07857180002611
2000,almost_egalitarian_with_donation,3,71.1699755812721,39.20704845814978,92.10526315789474,13.04460114716802,5.0,1.567357512953368,319.0,373.0,373.0,15.571689300006256
2000,almost_egalitarian_with_donation,4,70.47406704253035,21.62162162162162,92.10526315789474,16.306019071856532,5.0,1.5101522842639594,341.0,373.0,375.0,16.06214930000715
2000,almost_egalitarian_with_donation,5,69.44067651495295,21.62162162162162,92.10526315789474,16.618144462495287,5.0,1.532133676092545,328.0,372.0,376.0,15.959265600016806
2000,almost_egalitarian_with_donation,6,72.12176733763717,40.292275574112736,92.10526315789474,14.532870377856788,5.0,1.553246753246753,333.0,368.0,368.0,14.949465500016233
2000,almost_egalitarian_with_donation,7,69.95720044766385,21.62162162162162,92.10526315789474,13.625518061785266,5.0,1.5309278350515465,338.0,363.0,365.0,15.73047489998862
2000,almost_egalitarian_with_donation,8,70.3255492835049,32.77511961722488,115.07177033492825,17.73905566679835,5.0,1.5520833333333333,334.0,371.0,371.0,15.589469500002451
2000,almost_egalitarian_with_donation,9,69.7483152041838,22.66112266112266,92.10526315789474,14.457452128921757,5.0,1.5736842105263158,330.0,362.0,363.0,16.885844499978703
12,high_multiplicity_fair_allocation,0,52.19512195121952,48.78048780487805,,,,,,,,0.5264546000000001
12,high_multiplicity_fair_allocation,1,52.19512195121952,48.78048780487805,,,,,,,,0.0774184
12,high_multiplicity_fair_allocation,2,52.19512195121952,48.78048780487805,,,,,,,,0.06576399999999971
12,high_multiplicity_fair_allocation,3,51.707317073170735,48.78048780487805,,,,,,,,0.2753597000000001
12,high_multiplicity_fair_allocation,4,52.19512195121952,48.78048780487805,,,,,,,,0.06727049999999979
12,high_multiplicity_fair_allocation,5,52.19512195121952,48.78048780487805,,,,,,,,0.07614579999999993
12,high_multiplicity_fair_allocation,6,51.707317073170735,48.78048780487805,,,,,,,,0.2719642000000002
12,high_multiplicity_fair_allocation,7,52.19512195121952,48.78048780487805,,,,,,,,0.0817429999999999
12,high_multiplicity_fair_allocation,8,52.19512195121952,48.78048780487805,,,,,,,,0.07791630000000005
12,high_multiplicity_fair_allocation,9,52.19512195121952,48.78048780487805,,,,,,,,0.08717190000000041
